dataset,algorithm,accuracy,f1score
octmnist,PESA2,0.7720000147819519,0.7766730189323425
octmnist,PESA2,0.7643333673477173,0.7702133059501648
octmnist,PESA2,0.768333375453949,0.7695622444152832
octmnist,PESA2,0.7756667137145996,0.7791883945465088
octmnist,PESA2,0.7883332967758179,0.7928583025932312
octmnist,PESA2,0.7746666669845581,0.7766068577766418
octmnist,PESA2,0.7746666669845581,0.7766068577766418
octmnist,PESA2,0.7883332967758179,0.7928583025932312
octmnist,PESA2,0.7883333563804626,0.7932323217391968
octmnist,PESA2,0.7740000486373901,0.777948260307312
